,level_0,index,PROBENAME,MODE,SUBMODEINDEX,BEAMSTYLEINDEX,SYSTXFREQINDEX,TXPGWAVEFORMSTYLE,TXFOCUSLOCCM,NUMTXELEMENTS,PROBENUMTXCYCLES,ISTXCHANNELMODULATIONEN,ISPRESETCPAEN,CPADELAYOFFSETCLK,TXPULSERLE,TXPGWAVEFORMLUT,ELEVAPERINDEX,SYSTEMPULSERSEL,VTXINDEX,probeId,probeName,maxTxVoltageVolt,ceilTxVoltageVolt,totalVoltagePt,numMeasVoltage,zStartDistCm,DTxFreqIndex,dumpSwVersion,measSetComments,Count,OrgBeamstyleIdx,bsIndexTrace,TxFrequencyHz,ProbeNumTxCycles,profTxVoltageVolt,zMeasNum,zt_est
0,106,40,14L5,B,0,0,31,2,0.25,6,1.0,1,0,0,0,0.0,0,0,1,11254090,14L5,90,90,20,8,0.5,0,R2.5,Beamstyle_14L5_Intensity,2,0,15,13333333,1.0,56.04,45.0,0.5
1,107,41,14L5,B,0,0,31,2,0.5,13,1.0,1,0,0,0,0.0,0,0,1,11254090,14L5,90,90,20,8,0.5,0,R2.5,Beamstyle_14L5_Intensity,2,0,15,13333333,1.0,56.04,45.0,0.5
2,108,42,14L5,B,0,0,31,2,0.75,19,1.0,1,0,0,0,0.0,0,0,1,11254090,14L5,90,90,20,8,0.5,0,R2.5,Beamstyle_14L5_Intensity,2,0,15,13333333,1.0,56.04,45.0,0.5
3,109,43,14L5,B,0,0,31,2,1.0,25,1.0,1,0,0,0,0.0,1,0,1,11254090,14L5,90,90,20,8,0.5,0,R2.5,Beamstyle_14L5_Intensity,2,0,15,13333333,1.0,56.04,45.0,0.7
4,110,44,14L5,B,0,0,31,2,1.5,38,1.0,1,0,0,0,0.0,1,0,1,11254090,14L5,90,90,20,8,0.5,0,R2.5,Beamstyle_14L5_Intensity,2,0,15,13333333,1.0,56.04,45.0,0.8
5,111,45,14L5,B,0,0,31,2,2.25,56,1.0,1,0,0,0,0.0,1,0,1,11254090,14L5,90,90,20,8,0.5,0,R2.5,Beamstyle_14L5_Intensity,2,0,15,13333333,1.0,56.04,45.0,0.9
6,112,46,14L5,B,0,0,31,2,3.5,88,1.0,1,0,0,0,0.0,1,0,1,11254090,14L5,90,90,20,8,0.5,0,R2.5,Beamstyle_14L5_Intensity,2,0,15,13333333,1.0,56.04,75.0,1.1
7,113,47,14L5,B,0,0,31,2,5.25,131,1.0,1,0,0,0,0.0,1,0,1,11254090,14L5,90,90,20,8,0.5,0,R2.5,Beamstyle_14L5_Intensity,2,0,15,13333333,1.0,56.04,75.0,1.3
8,114,157,14L5,B,0,0,31,2,7.0,175,1.0,1,0,0,0,0.0,1,0,1,11254090,14L5,90,90,20,8,0.5,0,R2.5,Beamstyle_14L5_Intensity,1,0,0,13333333,1.0,56.04,115.0,1.5
9,141,0,14L5,B,0,0,25,2,0.25,6,1.5,1,0,0,0,0.0,0,0,1,11254090,14L5,90,90,20,8,0.5,0,R2.5,Beamstyle_14L5_Intensity,2,0,15,6666700,1.5,56.04,45.0,0.5
10,142,1,14L5,B,0,0,25,2,0.5,13,1.5,1,0,0,0,0.0,0,0,1,11254090,14L5,90,90,20,8,0.5,0,R2.5,Beamstyle_14L5_Intensity,2,0,15,6666700,1.5,56.04,45.0,0.5
11,143,2,14L5,B,0,0,25,2,0.75,19,1.5,1,0,0,0,0.0,0,0,1,11254090,14L5,90,90,20,8,0.5,0,R2.5,Beamstyle_14L5_Intensity,2,0,15,6666700,1.5,56.04,45.0,0.5
12,144,96,14L5,B,0,0,25,2,0.5,8,1.5,1,0,0,0,0.0,1,0,1,11254090,14L5,90,90,20,8,0.5,0,R2.5,Beamstyle_14L5_Intensity,2,0,15,6666700,1.5,56.04,45.0,0.6
13,145,97,14L5,B,0,0,25,2,1.0,17,1.5,1,0,0,0,0.0,1,0,1,11254090,14L5,90,90,20,8,0.5,0,R2.5,Beamstyle_14L5_Intensity,2,0,15,6666700,1.5,56.04,45.0,0.6
14,146,3,14L5,B,0,0,25,2,1.0,25,1.5,1,0,0,0,0.0,1,0,1,11254090,14L5,90,90,20,8,0.5,0,R2.5,Beamstyle_14L5_Intensity,2,0,15,6666700,1.5,56.04,45.0,0.7
15,147,98,14L5,B,0,0,25,2,1.5,25,1.5,1,0,0,0,0.0,1,0,1,11254090,14L5,90,90,20,8,0.5,0,R2.5,Beamstyle_14L5_Intensity,2,0,15,6666700,1.5,56.04,45.0,0.7
16,148,4,14L5,B,0,0,25,2,1.5,38,1.5,1,0,0,0,0.0,1,0,1,11254090,14L5,90,90,20,8,0.5,0,R2.5,Beamstyle_14L5_Intensity,2,0,15,6666700,1.5,56.04,45.0,0.8
17,149,99,14L5,B,0,0,25,2,2.0,33,1.5,1,0,0,0,0.0,1,0,1,11254090,14L5,90,90,20,8,0.5,0,R2.5,Beamstyle_14L5_Intensity,2,0,15,6666700,1.5,56.04,45.0,0.9
18,150,5,14L5,B,0,0,25,2,2.25,56,1.5,1,0,0,0,0.0,1,0,1,11254090,14L5,90,90,20,8,0.5,0,R2.5,Beamstyle_14L5_Intensity,2,0,15,6666700,1.5,56.04,45.0,0.9
19,151,100,14L5,B,0,0,25,2,2.5,42,1.5,1,0,0,0,0.0,1,0,1,11254090,14L5,90,90,20,8,0.5,0,R2.5,Beamstyle_14L5_Intensity,2,0,15,6666700,1.5,56.04,45.0,0.9
20,152,101,14L5,B,0,0,25,2,3.0,50,1.5,1,0,0,0,0.0,1,0,1,11254090,14L5,90,90,20,8,0.5,0,R2.5,Beamstyle_14L5_Intensity,2,0,15,6666700,1.5,56.04,45.0,0.9
21,153,102,14L5,B,0,0,25,2,3.5,58,1.5,1,0,0,0,0.0,1,0,1,11254090,14L5,90,90,20,8,0.5,0,R2.5,Beamstyle_14L5_Intensity,2,0,15,6666700,1.5,56.04,75.0,1.0
22,154,6,14L5,B,0,0,25,2,3.5,88,1.5,1,0,0,0,0.0,1,0,1,11254090,14L5,90,90,20,8,0.5,0,R2.5,Beamstyle_14L5_Intensity,2,0,15,6666700,1.5,56.04,75.0,1.1
23,155,103,14L5,B,0,0,25,2,4.0,67,1.5,1,0,0,0,0.0,1,0,1,11254090,14L5,90,90,20,8,0.5,0,R2.5,Beamstyle_14L5_Intensity,2,0,15,6666700,1.5,56.04,75.0,1.1
24,156,7,14L5,B,0,0,25,2,5.25,131,1.5,1,0,0,0,0.0,1,0,1,11254090,14L5,90,90,20,8,0.5,0,R2.5,Beamstyle_14L5_Intensity,2,0,15,6666700,1.5,56.04,75.0,1.3
25,157,152,14L5,B,0,0,25,2,7.0,175,1.5,1,0,0,0,0.0,1,0,1,11254090,14L5,90,90,20,8,0.5,0,R2.5,Beamstyle_14L5_Intensity,2,0,15,6666700,1.5,56.04,115.0,1.5
26,158,16,14L5,B,0,0,28,2,0.25,6,1.5,1,0,0,0,0.0,0,0,1,11254090,14L5,90,90,20,8,0.5,0,R2.5,Beamstyle_14L5_Intensity,2,0,15,8888900,1.5,56.04,45.0,0.5
27,159,17,14L5,B,0,0,28,2,0.5,13,1.5,1,0,0,0,0.0,0,0,1,11254090,14L5,90,90,20,8,0.5,0,R2.5,Beamstyle_14L5_Intensity,2,0,15,8888900,1.5,56.04,45.0,0.5
28,160,18,14L5,B,0,0,28,2,0.75,19,1.5,1,0,0,0,0.0,0,0,1,11254090,14L5,90,90,20,8,0.5,0,R2.5,Beamstyle_14L5_Intensity,2,0,15,8888900,1.5,56.04,45.0,0.5
29,161,104,14L5,B,0,0,28,2,0.5,8,1.5,1,0,0,0,0.0,1,0,1,11254090,14L5,90,90,20,8,0.5,0,R2.5,Beamstyle_14L5_Intensity,2,0,15,8888900,1.5,56.04,45.0,0.6
30,162,105,14L5,B,0,0,28,2,1.0,17,1.5,1,0,0,0,0.0,1,0,1,11254090,14L5,90,90,20,8,0.5,0,R2.5,Beamstyle_14L5_Intensity,2,0,15,8888900,1.5,56.04,45.0,0.6
31,163,19,14L5,B,0,0,28,2,1.0,25,1.5,1,0,0,0,0.0,1,0,1,11254090,14L5,90,90,20,8,0.5,0,R2.5,Beamstyle_14L5_Intensity,2,0,15,8888900,1.5,56.04,45.0,0.7
32,164,106,14L5,B,0,0,28,2,1.5,25,1.5,1,0,0,0,0.0,1,0,1,11254090,14L5,90,90,20,8,0.5,0,R2.5,Beamstyle_14L5_Intensity,2,0,15,8888900,1.5,56.04,45.0,0.7
33,165,20,14L5,B,0,0,28,2,1.5,38,1.5,1,0,0,0,0.0,1,0,1,11254090,14L5,90,90,20,8,0.5,0,R2.5,Beamstyle_14L5_Intensity,2,0,15,8888900,1.5,56.04,45.0,0.8
34,166,107,14L5,B,0,0,28,2,2.0,33,1.5,1,0,0,0,0.0,1,0,1,11254090,14L5,90,90,20,8,0.5,0,R2.5,Beamstyle_14L5_Intensity,2,0,15,8888900,1.5,56.04,45.0,0.9
35,167,21,14L5,B,0,0,28,2,2.25,56,1.5,1,0,0,0,0.0,1,0,1,11254090,14L5,90,90,20,8,0.5,0,R2.5,Beamstyle_14L5_Intensity,2,0,15,8888900,1.5,56.04,45.0,0.9
36,168,108,14L5,B,0,0,28,2,2.5,42,1.5,1,0,0,0,0.0,1,0,1,11254090,14L5,90,90,20,8,0.5,0,R2.5,Beamstyle_14L5_Intensity,2,0,15,8888900,1.5,56.04,45.0,0.9
37,169,109,14L5,B,0,0,28,2,3.0,50,1.5,1,0,0,0,0.0,1,0,1,11254090,14L5,90,90,20,8,0.5,0,R2.5,Beamstyle_14L5_Intensity,2,0,15,8888900,1.5,56.04,45.0,0.9
38,170,110,14L5,B,0,0,28,2,3.5,58,1.5,1,0,0,0,0.0,1,0,1,11254090,14L5,90,90,20,8,0.5,0,R2.5,Beamstyle_14L5_Intensity,2,0,15,8888900,1.5,56.04,75.0,1.0
39,171,22,14L5,B,0,0,28,2,3.5,88,1.5,1,0,0,0,0.0,1,0,1,11254090,14L5,90,90,20,8,0.5,0,R2.5,Beamstyle_14L5_Intensity,2,0,15,8888900,1.5,56.04,75.0,1.1
40,172,111,14L5,B,0,0,28,2,4.0,67,1.5,1,0,0,0,0.0,1,0,1,11254090,14L5,90,90,20,8,0.5,0,R2.5,Beamstyle_14L5_Intensity,2,0,15,8888900,1.5,56.04,75.0,1.1
41,173,23,14L5,B,0,0,28,2,5.25,131,1.5,1,0,0,0,0.0,1,0,1,11254090,14L5,90,90,20,8,0.5,0,R2.5,Beamstyle_14L5_Intensity,2,0,15,8888900,1.5,56.04,75.0,1.3
42,174,154,14L5,B,0,0,28,2,7.0,175,1.5,1,0,0,0,0.0,1,0,1,11254090,14L5,90,90,20,8,0.5,0,R2.5,Beamstyle_14L5_Intensity,2,0,15,8888900,1.5,56.04,115.0,1.5
43,175,32,14L5,B,0,0,30,2,0.25,6,1.5,1,0,0,0,0.0,0,0,1,11254090,14L5,90,90,20,8,0.5,0,R2.5,Beamstyle_14L5_Intensity,2,0,15,11428600,1.5,56.04,45.0,0.5
44,176,33,14L5,B,0,0,30,2,0.5,13,1.5,1,0,0,0,0.0,0,0,1,11254090,14L5,90,90,20,8,0.5,0,R2.5,Beamstyle_14L5_Intensity,2,0,15,11428600,1.5,56.04,45.0,0.5
45,177,34,14L5,B,0,0,30,2,0.75,19,1.5,1,0,0,0,0.0,0,0,1,11254090,14L5,90,90,20,8,0.5,0,R2.5,Beamstyle_14L5_Intensity,2,0,15,11428600,1.5,56.04,45.0,0.5
46,178,112,14L5,B,0,0,30,2,0.5,8,1.5,1,0,0,0,0.0,1,0,1,11254090,14L5,90,90,20,8,0.5,0,R2.5,Beamstyle_14L5_Intensity,2,0,15,11428600,1.5,56.04,45.0,0.6
47,179,113,14L5,B,0,0,30,2,1.0,17,1.5,1,0,0,0,0.0,1,0,1,11254090,14L5,90,90,20,8,0.5,0,R2.5,Beamstyle_14L5_Intensity,2,0,15,11428600,1.5,56.04,45.0,0.6
48,180,35,14L5,B,0,0,30,2,1.0,25,1.5,1,0,0,0,0.0,1,0,1,11254090,14L5,90,90,20,8,0.5,0,R2.5,Beamstyle_14L5_Intensity,2,0,15,11428600,1.5,56.04,45.0,0.7
49,181,114,14L5,B,0,0,30,2,1.5,25,1.5,1,0,0,0,0.0,1,0,1,11254090,14L5,90,90,20,8,0.5,0,R2.5,Beamstyle_14L5_Intensity,2,0,15,11428600,1.5,56.04,45.0,0.7
50,182,36,14L5,B,0,0,30,2,1.5,38,1.5,1,0,0,0,0.0,1,0,1,11254090,14L5,90,90,20,8,0.5,0,R2.5,Beamstyle_14L5_Intensity,2,0,15,11428600,1.5,56.04,45.0,0.8
51,183,115,14L5,B,0,0,30,2,2.0,33,1.5,1,0,0,0,0.0,1,0,1,11254090,14L5,90,90,20,8,0.5,0,R2.5,Beamstyle_14L5_Intensity,2,0,15,11428600,1.5,56.04,45.0,0.9
52,184,37,14L5,B,0,0,30,2,2.25,56,1.5,1,0,0,0,0.0,1,0,1,11254090,14L5,90,90,20,8,0.5,0,R2.5,Beamstyle_14L5_Intensity,2,0,15,11428600,1.5,56.04,45.0,0.9
53,185,116,14L5,B,0,0,30,2,2.5,42,1.5,1,0,0,0,0.0,1,0,1,11254090,14L5,90,90,20,8,0.5,0,R2.5,Beamstyle_14L5_Intensity,2,0,15,11428600,1.5,56.04,45.0,0.9
54,186,117,14L5,B,0,0,30,2,3.0,50,1.5,1,0,0,0,0.0,1,0,1,11254090,14L5,90,90,20,8,0.5,0,R2.5,Beamstyle_14L5_Intensity,2,0,15,11428600,1.5,56.04,45.0,0.9
55,187,118,14L5,B,0,0,30,2,3.5,58,1.5,1,0,0,0,0.0,1,0,1,11254090,14L5,90,90,20,8,0.5,0,R2.5,Beamstyle_14L5_Intensity,2,0,15,11428600,1.5,56.04,75.0,1.0
56,188,38,14L5,B,0,0,30,2,3.5,88,1.5,1,0,0,0,0.0,1,0,1,11254090,14L5,90,90,20,8,0.5,0,R2.5,Beamstyle_14L5_Intensity,2,0,15,11428600,1.5,56.04,75.0,1.1
57,189,119,14L5,B,0,0,30,2,4.0,67,1.5,1,0,0,0,0.0,1,0,1,11254090,14L5,90,90,20,8,0.5,0,R2.5,Beamstyle_14L5_Intensity,2,0,15,11428600,1.5,56.04,75.0,1.1
58,190,39,14L5,B,0,0,30,2,5.25,131,1.5,1,0,0,0,0.0,1,0,1,11254090,14L5,90,90,20,8,0.5,0,R2.5,Beamstyle_14L5_Intensity,2,0,15,11428600,1.5,56.04,75.0,1.3
59,191,156,14L5,B,0,0,30,2,7.0,175,1.5,1,0,0,0,0.0,1,0,1,11254090,14L5,90,90,20,8,0.5,0,R2.5,Beamstyle_14L5_Intensity,2,0,15,11428600,1.5,56.04,115.0,1.5
60,192,8,14L5,B,0,0,25,2,0.25,6,2.0,1,0,0,0,0.0,0,0,1,11254090,14L5,90,90,20,8,0.5,0,R2.5,Beamstyle_14L5_Intensity,2,0,15,6666700,2.0,56.04,45.0,0.5
61,193,9,14L5,B,0,0,25,2,0.5,13,2.0,1,0,0,0,0.0,0,0,1,11254090,14L5,90,90,20,8,0.5,0,R2.5,Beamstyle_14L5_Intensity,2,0,15,6666700,2.0,56.04,45.0,0.5
62,194,10,14L5,B,0,0,25,2,0.75,19,2.0,1,0,0,0,0.0,0,0,1,11254090,14L5,90,90,20,8,0.5,0,R2.5,Beamstyle_14L5_Intensity,2,0,15,6666700,2.0,56.04,45.0,0.5
63,195,11,14L5,B,0,0,25,2,1.0,25,2.0,1,0,0,0,0.0,1,0,1,11254090,14L5,90,90,20,8,0.5,0,R2.5,Beamstyle_14L5_Intensity,2,0,15,6666700,2.0,56.04,45.0,0.7
64,196,12,14L5,B,0,0,25,2,1.5,38,2.0,1,0,0,0,0.0,1,0,1,11254090,14L5,90,90,20,8,0.5,0,R2.5,Beamstyle_14L5_Intensity,2,0,15,6666700,2.0,56.04,45.0,0.8
65,197,13,14L5,B,0,0,25,2,2.25,56,2.0,1,0,0,0,0.0,1,0,1,11254090,14L5,90,90,20,8,0.5,0,R2.5,Beamstyle_14L5_Intensity,2,0,15,6666700,2.0,56.04,45.0,0.9
66,198,14,14L5,B,0,0,25,2,3.5,88,2.0,1,0,0,0,0.0,1,0,1,11254090,14L5,90,90,20,8,0.5,0,R2.5,Beamstyle_14L5_Intensity,2,0,15,6666700,2.0,56.04,75.0,1.1
67,199,15,14L5,B,0,0,25,2,5.25,131,2.0,1,0,0,0,0.0,1,0,1,11254090,14L5,90,90,20,8,0.5,0,R2.5,Beamstyle_14L5_Intensity,2,0,15,6666700,2.0,56.04,75.0,1.3
68,200,153,14L5,B,0,0,25,2,7.0,175,2.0,1,0,0,0,0.0,1,0,1,11254090,14L5,90,90,20,8,0.5,0,R2.5,Beamstyle_14L5_Intensity,2,0,15,6666700,2.0,56.04,115.0,1.5
69,201,24,14L5,B,0,0,28,2,0.25,6,2.0,1,0,0,0,0.0,0,0,1,11254090,14L5,90,90,20,8,0.5,0,R2.5,Beamstyle_14L5_Intensity,2,0,15,8888900,2.0,56.04,45.0,0.5
70,202,25,14L5,B,0,0,28,2,0.5,13,2.0,1,0,0,0,0.0,0,0,1,11254090,14L5,90,90,20,8,0.5,0,R2.5,Beamstyle_14L5_Intensity,2,0,15,8888900,2.0,56.04,45.0,0.5
71,203,26,14L5,B,0,0,28,2,0.75,19,2.0,1,0,0,0,0.0,0,0,1,11254090,14L5,90,90,20,8,0.5,0,R2.5,Beamstyle_14L5_Intensity,2,0,15,8888900,2.0,56.04,45.0,0.5
72,204,27,14L5,B,0,0,28,2,1.0,25,2.0,1,0,0,0,0.0,1,0,1,11254090,14L5,90,90,20,8,0.5,0,R2.5,Beamstyle_14L5_Intensity,2,0,15,8888900,2.0,56.04,45.0,0.7
73,205,28,14L5,B,0,0,28,2,1.5,38,2.0,1,0,0,0,0.0,1,0,1,11254090,14L5,90,90,20,8,0.5,0,R2.5,Beamstyle_14L5_Intensity,2,0,15,8888900,2.0,56.04,45.0,0.8
74,206,29,14L5,B,0,0,28,2,2.25,56,2.0,1,0,0,0,0.0,1,0,1,11254090,14L5,90,90,20,8,0.5,0,R2.5,Beamstyle_14L5_Intensity,2,0,15,8888900,2.0,56.04,45.0,0.9
75,207,30,14L5,B,0,0,28,2,3.5,88,2.0,1,0,0,0,0.0,1,0,1,11254090,14L5,90,90,20,8,0.5,0,R2.5,Beamstyle_14L5_Intensity,2,0,15,8888900,2.0,56.04,75.0,1.1
76,208,31,14L5,B,0,0,28,2,5.25,131,2.0,1,0,0,0,0.0,1,0,1,11254090,14L5,90,90,20,8,0.5,0,R2.5,Beamstyle_14L5_Intensity,2,0,15,8888900,2.0,56.04,75.0,1.3
77,209,155,14L5,B,0,0,28,2,7.0,175,2.0,1,0,0,0,0.0,1,0,1,11254090,14L5,90,90,20,8,0.5,0,R2.5,Beamstyle_14L5_Intensity,2,0,15,8888900,2.0,56.04,115.0,1.5
78,0,120,14L5,B,1,1,14,0,0.5,6,1.0,0,0,0,1.30:0.20:-1.30:0.20,0.0,1,0,1,11254090,14L5,90,90,20,8,0.5,0,R2.5,Beamstyle_14L5_Intensity,2,1,20,3333300,1.0,56.04,45.0,0.6
79,1,121,14L5,B,1,1,14,0,1.0,13,1.0,0,0,0,1.30:0.20:-1.30:0.20,0.0,1,0,1,11254090,14L5,90,90,20,8,0.5,0,R2.5,Beamstyle_14L5_Intensity,2,1,20,3333300,1.0,56.04,45.0,0.6
80,2,122,14L5,B,1,1,14,0,1.5,19,1.0,0,0,0,1.30:0.20:-1.30:0.20,0.0,1,0,1,11254090,14L5,90,90,20,8,0.5,0,R2.5,Beamstyle_14L5_Intensity,2,1,20,3333300,1.0,56.04,45.0,0.6
81,3,123,14L5,B,1,1,14,0,2.0,25,1.0,0,0,0,1.30:0.20:-1.30:0.20,0.0,1,0,1,11254090,14L5,90,90,20,8,0.5,0,R2.5,Beamstyle_14L5_Intensity,2,1,20,3333300,1.0,56.04,45.0,0.8
82,4,124,14L5,B,1,1,14,0,2.5,31,1.0,0,0,0,1.30:0.20:-1.30:0.20,0.0,1,0,1,11254090,14L5,90,90,20,8,0.5,0,R2.5,Beamstyle_14L5_Intensity,2,1,20,3333300,1.0,56.04,45.0,1.0
83,5,125,14L5,B,1,1,14,0,3.0,38,1.0,0,0,0,1.30:0.20:-1.30:0.20,0.0,1,0,1,11254090,14L5,90,90,20,8,0.5,0,R2.5,Beamstyle_14L5_Intensity,2,1,20,3333300,1.0,56.04,45.0,0.9
84,6,126,14L5,B,1,1,14,0,3.5,44,1.0,0,0,0,1.30:0.20:-1.30:0.20,0.0,1,0,1,11254090,14L5,90,90,20,8,0.5,0,R2.5,Beamstyle_14L5_Intensity,2,1,20,3333300,1.0,56.04,75.0,1.1
85,7,127,14L5,B,1,1,14,0,4.0,50,1.0,0,0,0,1.30:0.20:-1.30:0.20,0.0,1,0,1,11254090,14L5,90,90,20,8,0.5,0,R2.5,Beamstyle_14L5_Intensity,2,1,20,3333300,1.0,56.04,75.0,1.0
86,8,128,14L5,B,1,1,17,0,0.5,6,1.0,0,0,0,1.25:0.25:-1.25:0.25,0.0,1,0,1,11254090,14L5,90,90,20,8,0.5,0,R2.5,Beamstyle_14L5_Intensity,2,1,20,4000000,1.0,56.04,45.0,0.6
87,9,129,14L5,B,1,1,17,0,1.0,13,1.0,0,0,0,1.25:0.25:-1.25:0.25,0.0,1,0,1,11254090,14L5,90,90,20,8,0.5,0,R2.5,Beamstyle_14L5_Intensity,2,1,20,4000000,1.0,56.04,45.0,0.6
88,10,130,14L5,B,1,1,17,0,1.5,19,1.0,0,0,0,1.25:0.25:-1.25:0.25,0.0,1,0,1,11254090,14L5,90,90,20,8,0.5,0,R2.5,Beamstyle_14L5_Intensity,2,1,20,4000000,1.0,56.04,45.0,0.6
89,11,131,14L5,B,1,1,17,0,2.0,25,1.0,0,0,0,1.25:0.25:-1.25:0.25,0.0,1,0,1,11254090,14L5,90,90,20,8,0.5,0,R2.5,Beamstyle_14L5_Intensity,2,1,20,4000000,1.0,56.04,45.0,0.8
90,12,132,14L5,B,1,1,17,0,2.5,31,1.0,0,0,0,1.25:0.25:-1.25:0.25,0.0,1,0,1,11254090,14L5,90,90,20,8,0.5,0,R2.5,Beamstyle_14L5_Intensity,2,1,20,4000000,1.0,56.04,45.0,1.0
91,13,133,14L5,B,1,1,17,0,3.0,38,1.0,0,0,0,1.25:0.25:-1.25:0.25,0.0,1,0,1,11254090,14L5,90,90,20,8,0.5,0,R2.5,Beamstyle_14L5_Intensity,2,1,20,4000000,1.0,56.04,45.0,0.9
92,14,134,14L5,B,1,1,17,0,3.5,44,1.0,0,0,0,1.25:0.25:-1.25:0.25,0.0,1,0,1,11254090,14L5,90,90,20,8,0.5,0,R2.5,Beamstyle_14L5_Intensity,2,1,20,4000000,1.0,56.04,75.0,1.1
93,15,135,14L5,B,1,1,17,0,4.0,50,1.0,0,0,0,1.25:0.25:-1.25:0.25,0.0,1,0,1,11254090,14L5,90,90,20,8,0.5,0,R2.5,Beamstyle_14L5_Intensity,2,1,20,4000000,1.0,56.04,75.0,1.0
94,16,136,14L5,B,1,1,20,0,0.5,6,1.0,0,0,0,1.25:0.25:-1.25:0.25,0.0,1,0,1,11254090,14L5,90,90,20,8,0.5,0,R2.5,Beamstyle_14L5_Intensity,2,1,20,4705900,1.0,56.04,45.0,0.6
95,17,137,14L5,B,1,1,20,0,1.0,13,1.0,0,0,0,1.25:0.25:-1.25:0.25,0.0,1,0,1,11254090,14L5,90,90,20,8,0.5,0,R2.5,Beamstyle_14L5_Intensity,2,1,20,4705900,1.0,56.04,45.0,0.6
96,18,138,14L5,B,1,1,20,0,1.5,19,1.0,0,0,0,1.25:0.25:-1.25:0.25,0.0,1,0,1,11254090,14L5,90,90,20,8,0.5,0,R2.5,Beamstyle_14L5_Intensity,2,1,20,4705900,1.0,56.04,45.0,0.6
97,19,139,14L5,B,1,1,20,0,2.0,25,1.0,0,0,0,1.25:0.25:-1.25:0.25,0.0,1,0,1,11254090,14L5,90,90,20,8,0.5,0,R2.5,Beamstyle_14L5_Intensity,2,1,20,4705900,1.0,56.04,45.0,0.8
98,20,140,14L5,B,1,1,20,0,2.5,31,1.0,0,0,0,1.25:0.25:-1.25:0.25,0.0,1,0,1,11254090,14L5,90,90,20,8,0.5,0,R2.5,Beamstyle_14L5_Intensity,2,1,20,4705900,1.0,56.04,45.0,1.0
99,21,141,14L5,B,1,1,20,0,3.0,38,1.0,0,0,0,1.25:0.25:-1.25:0.25,0.0,1,0,1,11254090,14L5,90,90,20,8,0.5,0,R2.5,Beamstyle_14L5_Intensity,2,1,20,4705900,1.0,56.04,45.0,0.9
100,22,142,14L5,B,1,1,20,0,3.5,44,1.0,0,0,0,1.25:0.25:-1.25:0.25,0.0,1,0,1,11254090,14L5,90,90,20,8,0.5,0,R2.5,Beamstyle_14L5_Intensity,2,1,20,4705900,1.0,56.04,75.0,1.1
101,23,143,14L5,B,1,1,20,0,4.0,50,1.0,0,0,0,1.25:0.25:-1.25:0.25,0.0,1,0,1,11254090,14L5,90,90,20,8,0.5,0,R2.5,Beamstyle_14L5_Intensity,2,1,20,4705900,1.0,56.04,75.0,1.0
102,24,144,14L5,B,1,1,23,0,0.5,6,1.0,0,0,0,1.25:0.25:-1.25:0.25,0.0,1,0,1,11254090,14L5,90,90,20,8,0.5,0,R2.5,Beamstyle_14L5_Intensity,2,1,20,5714300,1.0,56.04,45.0,0.6
103,25,145,14L5,B,1,1,23,0,1.0,13,1.0,0,0,0,1.25:0.25:-1.25:0.25,0.0,1,0,1,11254090,14L5,90,90,20,8,0.5,0,R2.5,Beamstyle_14L5_Intensity,2,1,20,5714300,1.0,56.04,45.0,0.6
104,26,146,14L5,B,1,1,23,0,1.5,19,1.0,0,0,0,1.25:0.25:-1.25:0.25,0.0,1,0,1,11254090,14L5,90,90,20,8,0.5,0,R2.5,Beamstyle_14L5_Intensity,2,1,20,5714300,1.0,56.04,45.0,0.6
105,27,147,14L5,B,1,1,23,0,2.0,25,1.0,0,0,0,1.25:0.25:-1.25:0.25,0.0,1,0,1,11254090,14L5,90,90,20,8,0.5,0,R2.5,Beamstyle_14L5_Intensity,2,1,20,5714300,1.0,56.04,45.0,0.8
106,28,148,14L5,B,1,1,23,0,2.5,31,1.0,0,0,0,1.25:0.25:-1.25:0.25,0.0,1,0,1,11254090,14L5,90,90,20,8,0.5,0,R2.5,Beamstyle_14L5_Intensity,2,1,20,5714300,1.0,56.04,45.0,1.0
107,29,149,14L5,B,1,1,23,0,3.0,38,1.0,0,0,0,1.25:0.25:-1.25:0.25,0.0,1,0,1,11254090,14L5,90,90,20,8,0.5,0,R2.5,Beamstyle_14L5_Intensity,2,1,20,5714300,1.0,56.04,45.0,0.9
108,30,150,14L5,B,1,1,23,0,3.5,44,1.0,0,0,0,1.25:0.25:-1.25:0.25,0.0,1,0,1,11254090,14L5,90,90,20,8,0.5,0,R2.5,Beamstyle_14L5_Intensity,2,1,20,5714300,1.0,56.04,75.0,1.1
109,31,151,14L5,B,1,1,23,0,4.0,50,1.0,0,0,0,1.25:0.25:-1.25:0.25,0.0,1,0,1,11254090,14L5,90,90,20,8,0.5,0,R2.5,Beamstyle_14L5_Intensity,2,1,20,5714300,1.0,56.04,75.0,1.0
110,80,48,14L5,B,1,1,17,0,0.25,6,1.0,1,0,0,1.30:0.20:-1.30:0.20,0.0,0,0,1,11254090,14L5,90,90,20,8,0.5,0,R2.5,Beamstyle_14L5_Intensity,2,1,20,4000000,1.0,56.04,45.0,0.5
111,81,49,14L5,B,1,1,17,0,0.5,13,1.0,1,0,0,1.30:0.20:-1.30:0.20,0.0,0,0,1,11254090,14L5,90,90,20,8,0.5,0,R2.5,Beamstyle_14L5_Intensity,2,1,20,4000000,1.0,56.04,45.0,0.5
112,82,50,14L5,B,1,1,17,0,0.75,19,1.0,1,0,0,1.30:0.20:-1.30:0.20,0.0,0,0,1,11254090,14L5,90,90,20,8,0.5,0,R2.5,Beamstyle_14L5_Intensity,2,1,20,4000000,1.0,56.04,45.0,0.5
113,83,51,14L5,B,1,1,17,0,1.0,25,1.0,1,0,0,1.30:0.20:-1.30:0.20,0.0,1,0,1,11254090,14L5,90,90,20,8,0.5,0,R2.5,Beamstyle_14L5_Intensity,2,1,20,4000000,1.0,56.04,45.0,0.7
114,84,52,14L5,B,1,1,17,0,1.5,38,1.0,1,0,0,1.30:0.20:-1.30:0.20,0.0,1,0,1,11254090,14L5,90,90,20,8,0.5,0,R2.5,Beamstyle_14L5_Intensity,2,1,20,4000000,1.0,56.04,45.0,0.8
115,85,53,14L5,B,1,1,17,0,2.25,56,1.0,1,0,0,1.30:0.20:-1.30:0.20,0.0,1,0,1,11254090,14L5,90,90,20,8,0.5,0,R2.5,Beamstyle_14L5_Intensity,2,1,20,4000000,1.0,56.04,45.0,0.9
116,86,54,14L5,B,1,1,17,0,3.5,88,1.0,1,0,0,1.30:0.20:-1.30:0.20,0.0,1,0,1,11254090,14L5,90,90,20,8,0.5,0,R2.5,Beamstyle_14L5_Intensity,2,1,20,4000000,1.0,56.04,75.0,1.1
117,87,55,14L5,B,1,1,17,0,5.25,131,1.0,1,0,0,1.30:0.20:-1.30:0.20,0.0,1,0,1,11254090,14L5,90,90,20,8,0.5,0,R2.5,Beamstyle_14L5_Intensity,2,1,20,4000000,1.0,56.04,75.0,1.3
118,88,158,14L5,B,1,1,17,0,7.0,175,1.0,1,0,0,1.30:0.20:-1.30:0.20,0.0,1,0,1,11254090,14L5,90,90,20,8,0.5,0,R2.5,Beamstyle_14L5_Intensity,2,1,20,4000000,1.0,56.04,115.0,1.5
119,89,64,14L5,B,1,1,20,0,0.25,6,1.0,1,0,0,1.2942:0.2058:-1.2942:0.2058,0.0,0,0,1,11254090,14L5,90,90,20,8,0.5,0,R2.5,Beamstyle_14L5_Intensity,2,1,20,4705900,1.0,56.04,45.0,0.5
120,90,65,14L5,B,1,1,20,0,0.5,13,1.0,1,0,0,1.2942:0.2058:-1.2942:0.2058,0.0,0,0,1,11254090,14L5,90,90,20,8,0.5,0,R2.5,Beamstyle_14L5_Intensity,2,1,20,4705900,1.0,56.04,45.0,0.5
121,91,66,14L5,B,1,1,20,0,0.75,19,1.0,1,0,0,1.2942:0.2058:-1.2942:0.2058,0.0,0,0,1,11254090,14L5,90,90,20,8,0.5,0,R2.5,Beamstyle_14L5_Intensity,2,1,20,4705900,1.0,56.04,45.0,0.5
122,92,67,14L5,B,1,1,20,0,1.0,25,1.0,1,0,0,1.2942:0.2058:-1.2942:0.2058,0.0,1,0,1,11254090,14L5,90,90,20,8,0.5,0,R2.5,Beamstyle_14L5_Intensity,2,1,20,4705900,1.0,56.04,45.0,0.7
123,93,68,14L5,B,1,1,20,0,1.5,38,1.0,1,0,0,1.2942:0.2058:-1.2942:0.2058,0.0,1,0,1,11254090,14L5,90,90,20,8,0.5,0,R2.5,Beamstyle_14L5_Intensity,2,1,20,4705900,1.0,56.04,45.0,0.8
124,94,69,14L5,B,1,1,20,0,2.25,56,1.0,1,0,0,1.2942:0.2058:-1.2942:0.2058,0.0,1,0,1,11254090,14L5,90,90,20,8,0.5,0,R2.5,Beamstyle_14L5_Intensity,2,1,20,4705900,1.0,56.04,45.0,0.9
125,95,70,14L5,B,1,1,20,0,3.5,88,1.0,1,0,0,1.2942:0.2058:-1.2942:0.2058,0.0,1,0,1,11254090,14L5,90,90,20,8,0.5,0,R2.5,Beamstyle_14L5_Intensity,2,1,20,4705900,1.0,56.04,75.0,1.1
126,96,71,14L5,B,1,1,20,0,5.25,131,1.0,1,0,0,1.2942:0.2058:-1.2942:0.2058,0.0,1,0,1,11254090,14L5,90,90,20,8,0.5,0,R2.5,Beamstyle_14L5_Intensity,2,1,20,4705900,1.0,56.04,75.0,1.3
127,97,160,14L5,B,1,1,20,0,7.0,175,1.0,1,0,0,1.2942:0.2058:-1.2942:0.2058,0.0,1,0,1,11254090,14L5,90,90,20,8,0.5,0,R2.5,Beamstyle_14L5_Intensity,2,1,20,4705900,1.0,56.04,115.0,1.5
128,98,80,14L5,B,1,1,23,0,0.25,6,1.0,1,0,0,1.3571:0.1429:-1.3571:0.1429,0.0,0,0,1,11254090,14L5,90,90,20,8,0.5,0,R2.5,Beamstyle_14L5_Intensity,1,1,0,5714300,1.0,56.04,45.0,0.5
129,99,81,14L5,B,1,1,23,0,0.5,13,1.0,1,0,0,1.3571:0.1429:-1.3571:0.1429,0.0,0,0,1,11254090,14L5,90,90,20,8,0.5,0,R2.5,Beamstyle_14L5_Intensity,1,1,0,5714300,1.0,56.04,45.0,0.5
130,100,82,14L5,B,1,1,23,0,0.75,19,1.0,1,0,0,1.3571:0.1429:-1.3571:0.1429,0.0,0,0,1,11254090,14L5,90,90,20,8,0.5,0,R2.5,Beamstyle_14L5_Intensity,1,1,0,5714300,1.0,56.04,45.0,0.5
131,101,83,14L5,B,1,1,23,0,1.0,25,1.0,1,0,0,1.3571:0.1429:-1.3571:0.1429,0.0,1,0,1,11254090,14L5,90,90,20,8,0.5,0,R2.5,Beamstyle_14L5_Intensity,1,1,0,5714300,1.0,56.04,45.0,0.7
132,102,84,14L5,B,1,1,23,0,1.5,38,1.0,1,0,0,1.3571:0.1429:-1.3571:0.1429,0.0,1,0,1,11254090,14L5,90,90,20,8,0.5,0,R2.5,Beamstyle_14L5_Intensity,1,1,0,5714300,1.0,56.04,45.0,0.8
133,103,85,14L5,B,1,1,23,0,2.25,56,1.0,1,0,0,1.3571:0.1429:-1.3571:0.1429,0.0,1,0,1,11254090,14L5,90,90,20,8,0.5,0,R2.5,Beamstyle_14L5_Intensity,1,1,0,5714300,1.0,56.04,45.0,0.9
134,104,86,14L5,B,1,1,23,0,3.5,88,1.0,1,0,0,1.3571:0.1429:-1.3571:0.1429,0.0,1,0,1,11254090,14L5,90,90,20,8,0.5,0,R2.5,Beamstyle_14L5_Intensity,1,1,0,5714300,1.0,56.04,75.0,1.1
135,105,87,14L5,B,1,1,23,0,5.25,131,1.0,1,0,0,1.3571:0.1429:-1.3571:0.1429,0.0,1,0,1,11254090,14L5,90,90,20,8,0.5,0,R2.5,Beamstyle_14L5_Intensity,1,1,0,5714300,1.0,56.04,75.0,1.3
136,115,72,14L5,B,1,1,20,0,0.25,6,1.29,1,0,0,1.2942:0.2058:-1.2942:0.2058:1.2942,0.0,0,0,1,11254090,14L5,90,90,20,8,0.5,0,R2.5,Beamstyle_14L5_Intensity,2,1,20,4705900,1.29,56.04,45.0,0.5
137,116,73,14L5,B,1,1,20,0,0.5,13,1.29,1,0,0,1.2942:0.2058:-1.2942:0.2058:1.2942,0.0,0,0,1,11254090,14L5,90,90,20,8,0.5,0,R2.5,Beamstyle_14L5_Intensity,2,1,20,4705900,1.29,56.04,45.0,0.5
138,117,74,14L5,B,1,1,20,0,0.75,19,1.29,1,0,0,1.2942:0.2058:-1.2942:0.2058:1.2942,0.0,0,0,1,11254090,14L5,90,90,20,8,0.5,0,R2.5,Beamstyle_14L5_Intensity,2,1,20,4705900,1.29,56.04,45.0,0.5
139,118,75,14L5,B,1,1,20,0,1.0,25,1.29,1,0,0,1.2942:0.2058:-1.2942:0.2058:1.2942,0.0,1,0,1,11254090,14L5,90,90,20,8,0.5,0,R2.5,Beamstyle_14L5_Intensity,2,1,20,4705900,1.29,56.04,45.0,0.7
140,119,76,14L5,B,1,1,20,0,1.5,38,1.29,1,0,0,1.2942:0.2058:-1.2942:0.2058:1.2942,0.0,1,0,1,11254090,14L5,90,90,20,8,0.5,0,R2.5,Beamstyle_14L5_Intensity,2,1,20,4705900,1.29,56.04,45.0,0.8
141,120,77,14L5,B,1,1,20,0,2.25,56,1.29,1,0,0,1.2942:0.2058:-1.2942:0.2058:1.2942,0.0,1,0,1,11254090,14L5,90,90,20,8,0.5,0,R2.5,Beamstyle_14L5_Intensity,2,1,20,4705900,1.29,56.04,45.0,0.9
142,121,78,14L5,B,1,1,20,0,3.5,88,1.29,1,0,0,1.2942:0.2058:-1.2942:0.2058:1.2942,0.0,1,0,1,11254090,14L5,90,90,20,8,0.5,0,R2.5,Beamstyle_14L5_Intensity,2,1,20,4705900,1.29,56.04,75.0,1.1
143,122,79,14L5,B,1,1,20,0,5.25,131,1.29,1,0,0,1.2942:0.2058:-1.2942:0.2058:1.2942,0.0,1,0,1,11254090,14L5,90,90,20,8,0.5,0,R2.5,Beamstyle_14L5_Intensity,2,1,20,4705900,1.29,56.04,75.0,1.3
144,123,161,14L5,B,1,1,20,0,7.0,175,1.29,1,0,0,1.2942:0.2058:-1.2942:0.2058:1.2942,0.0,1,0,1,11254090,14L5,90,90,20,8,0.5,0,R2.5,Beamstyle_14L5_Intensity,2,1,20,4705900,1.29,56.04,115.0,1.5
145,124,56,14L5,B,1,1,17,0,0.25,6,1.3,1,0,0,1.30:0.20:-1.30:0.20:1.30,0.0,0,0,1,11254090,14L5,90,90,20,8,0.5,0,R2.5,Beamstyle_14L5_Intensity,2,1,20,4000000,1.3,56.04,45.0,0.5
146,125,57,14L5,B,1,1,17,0,0.5,13,1.3,1,0,0,1.30:0.20:-1.30:0.20:1.30,0.0,0,0,1,11254090,14L5,90,90,20,8,0.5,0,R2.5,Beamstyle_14L5_Intensity,2,1,20,4000000,1.3,56.04,45.0,0.5
147,126,58,14L5,B,1,1,17,0,0.75,19,1.3,1,0,0,1.30:0.20:-1.30:0.20:1.30,0.0,0,0,1,11254090,14L5,90,90,20,8,0.5,0,R2.5,Beamstyle_14L5_Intensity,2,1,20,4000000,1.3,56.04,45.0,0.5
148,127,59,14L5,B,1,1,17,0,1.0,25,1.3,1,0,0,1.30:0.20:-1.30:0.20:1.30,0.0,1,0,1,11254090,14L5,90,90,20,8,0.5,0,R2.5,Beamstyle_14L5_Intensity,2,1,20,4000000,1.3,56.04,45.0,0.7
149,128,60,14L5,B,1,1,17,0,1.5,38,1.3,1,0,0,1.30:0.20:-1.30:0.20:1.30,0.0,1,0,1,11254090,14L5,90,90,20,8,0.5,0,R2.5,Beamstyle_14L5_Intensity,2,1,20,4000000,1.3,56.04,45.0,0.8
150,129,61,14L5,B,1,1,17,0,2.25,56,1.3,1,0,0,1.30:0.20:-1.30:0.20:1.30,0.0,1,0,1,11254090,14L5,90,90,20,8,0.5,0,R2.5,Beamstyle_14L5_Intensity,2,1,20,4000000,1.3,56.04,45.0,0.9
151,130,62,14L5,B,1,1,17,0,3.5,88,1.3,1,0,0,1.30:0.20:-1.30:0.20:1.30,0.0,1,0,1,11254090,14L5,90,90,20,8,0.5,0,R2.5,Beamstyle_14L5_Intensity,2,1,20,4000000,1.3,56.04,75.0,1.1
152,131,63,14L5,B,1,1,17,0,5.25,131,1.3,1,0,0,1.30:0.20:-1.30:0.20:1.30,0.0,1,0,1,11254090,14L5,90,90,20,8,0.5,0,R2.5,Beamstyle_14L5_Intensity,2,1,20,4000000,1.3,56.04,75.0,1.3
153,132,159,14L5,B,1,1,17,0,7.0,175,1.3,1,0,0,1.30:0.20:-1.30:0.20:1.30,0.0,1,0,1,11254090,14L5,90,90,20,8,0.5,0,R2.5,Beamstyle_14L5_Intensity,2,1,20,4000000,1.3,56.04,115.0,1.5
154,133,88,14L5,B,1,1,23,0,0.25,6,1.36,1,0,0,1.3571:0.1429:-1.3571:0.1429:1.3571,0.0,0,0,1,11254090,14L5,90,90,20,8,0.5,0,R2.5,Beamstyle_14L5_Intensity,1,1,0,5714300,1.36,56.04,45.0,0.5
155,134,89,14L5,B,1,1,23,0,0.5,13,1.36,1,0,0,1.3571:0.1429:-1.3571:0.1429:1.3571,0.0,0,0,1,11254090,14L5,90,90,20,8,0.5,0,R2.5,Beamstyle_14L5_Intensity,1,1,0,5714300,1.36,56.04,45.0,0.5
156,135,90,14L5,B,1,1,23,0,0.75,19,1.36,1,0,0,1.3571:0.1429:-1.3571:0.1429:1.3571,0.0,0,0,1,11254090,14L5,90,90,20,8,0.5,0,R2.5,Beamstyle_14L5_Intensity,1,1,0,5714300,1.36,56.04,45.0,0.5
157,136,91,14L5,B,1,1,23,0,1.0,25,1.36,1,0,0,1.3571:0.1429:-1.3571:0.1429:1.3571,0.0,1,0,1,11254090,14L5,90,90,20,8,0.5,0,R2.5,Beamstyle_14L5_Intensity,1,1,0,5714300,1.36,56.04,45.0,0.7
158,137,92,14L5,B,1,1,23,0,1.5,38,1.36,1,0,0,1.3571:0.1429:-1.3571:0.1429:1.3571,0.0,1,0,1,11254090,14L5,90,90,20,8,0.5,0,R2.5,Beamstyle_14L5_Intensity,1,1,0,5714300,1.36,56.04,45.0,0.8
159,138,93,14L5,B,1,1,23,0,2.25,56,1.36,1,0,0,1.3571:0.1429:-1.3571:0.1429:1.3571,0.0,1,0,1,11254090,14L5,90,90,20,8,0.5,0,R2.5,Beamstyle_14L5_Intensity,1,1,0,5714300,1.36,56.04,45.0,0.9
160,139,94,14L5,B,1,1,23,0,3.5,88,1.36,1,0,0,1.3571:0.1429:-1.3571:0.1429:1.3571,0.0,1,0,1,11254090,14L5,90,90,20,8,0.5,0,R2.5,Beamstyle_14L5_Intensity,1,1,0,5714300,1.36,56.04,75.0,1.1
161,140,95,14L5,B,1,1,23,0,5.25,131,1.36,1,0,0,1.3571:0.1429:-1.3571:0.1429:1.3571,0.0,1,0,1,11254090,14L5,90,90,20,8,0.5,0,R2.5,Beamstyle_14L5_Intensity,1,1,0,5714300,1.36,56.04,75.0,1.3
162,32,323,14L5,Cb,0,5,26,1,0.25,4,3.0,0,0,0,0,0.0,0,0,0,11254090,14L5,90,90,20,8,0.5,0,R2.5,Beamstyle_14L5_Intensity,3,5,10,7272700,3.0,56.04,45.0,0.5
163,33,324,14L5,Cb,0,5,26,1,0.5,8,3.0,0,0,0,0,0.0,0,0,0,11254090,14L5,90,90,20,8,0.5,0,R2.5,Beamstyle_14L5_Intensity,3,5,10,7272700,3.0,56.04,45.0,0.5
164,34,325,14L5,Cb,0,5,26,1,0.75,13,3.0,0,0,0,0,0.0,0,0,0,11254090,14L5,90,90,20,8,0.5,0,R2.5,Beamstyle_14L5_Intensity,3,5,10,7272700,3.0,56.04,45.0,0.5
165,35,326,14L5,Cb,0,5,26,1,1.0,17,3.0,0,0,0,0,0.0,1,0,0,11254090,14L5,90,90,20,8,0.5,0,R2.5,Beamstyle_14L5_Intensity,3,5,10,7272700,3.0,56.04,45.0,0.6
166,36,327,14L5,Cb,0,5,26,1,1.5,25,3.0,0,0,0,0,0.0,1,0,0,11254090,14L5,90,90,20,8,0.5,0,R2.5,Beamstyle_14L5_Intensity,3,5,10,7272700,3.0,56.04,45.0,0.8
167,37,328,14L5,Cb,0,5,26,1,2.25,38,3.0,0,0,0,0,0.0,1,0,0,11254090,14L5,90,90,20,8,0.5,0,R2.5,Beamstyle_14L5_Intensity,3,5,10,7272700,3.0,56.04,45.0,0.9
168,38,329,14L5,Cb,0,5,26,1,3.5,58,3.0,0,0,0,0,0.0,1,0,0,11254090,14L5,90,90,20,8,0.5,0,R2.5,Beamstyle_14L5_Intensity,3,5,10,7272700,3.0,56.04,75.0,1.1
169,39,330,14L5,Cb,0,5,26,1,5.25,88,3.0,0,0,0,0,0.0,1,0,0,11254090,14L5,90,90,20,8,0.5,0,R2.5,Beamstyle_14L5_Intensity,3,5,10,7272700,3.0,56.04,75.0,1.3
170,40,331,14L5,Cb,0,5,28,1,0.25,4,3.0,0,0,0,0,0.0,0,0,0,11254090,14L5,90,90,20,8,0.5,0,R2.5,Beamstyle_14L5_Intensity,3,5,10,8888900,3.0,56.04,45.0,0.5
171,41,332,14L5,Cb,0,5,28,1,0.5,8,3.0,0,0,0,0,0.0,0,0,0,11254090,14L5,90,90,20,8,0.5,0,R2.5,Beamstyle_14L5_Intensity,3,5,10,8888900,3.0,56.04,45.0,0.5
172,42,333,14L5,Cb,0,5,28,1,0.75,13,3.0,0,0,0,0,0.0,0,0,0,11254090,14L5,90,90,20,8,0.5,0,R2.5,Beamstyle_14L5_Intensity,3,5,10,8888900,3.0,56.04,45.0,0.5
173,43,334,14L5,Cb,0,5,28,1,1.0,17,3.0,0,0,0,0,0.0,1,0,0,11254090,14L5,90,90,20,8,0.5,0,R2.5,Beamstyle_14L5_Intensity,3,5,10,8888900,3.0,56.04,45.0,0.6
174,44,335,14L5,Cb,0,5,28,1,1.5,25,3.0,0,0,0,0,0.0,1,0,0,11254090,14L5,90,90,20,8,0.5,0,R2.5,Beamstyle_14L5_Intensity,3,5,10,8888900,3.0,56.04,45.0,0.8
175,45,336,14L5,Cb,0,5,28,1,2.25,38,3.0,0,0,0,0,0.0,1,0,0,11254090,14L5,90,90,20,8,0.5,0,R2.5,Beamstyle_14L5_Intensity,3,5,10,8888900,3.0,56.04,45.0,0.9
176,46,337,14L5,Cb,0,5,28,1,3.5,58,3.0,0,0,0,0,0.0,1,0,0,11254090,14L5,90,90,20,8,0.5,0,R2.5,Beamstyle_14L5_Intensity,3,5,10,8888900,3.0,56.04,75.0,1.1
177,47,338,14L5,Cb,0,5,28,1,5.25,88,3.0,0,0,0,0,0.0,1,0,0,11254090,14L5,90,90,20,8,0.5,0,R2.5,Beamstyle_14L5_Intensity,3,5,10,8888900,3.0,56.04,75.0,1.3
178,48,307,14L5,Cb,0,5,22,1,0.25,4,4.0,0,0,0,0,0.0,0,0,0,11254090,14L5,90,90,20,8,0.5,0,R2.5,Beamstyle_14L5_Intensity,3,5,10,5333300,4.0,56.04,45.0,0.5
179,49,308,14L5,Cb,0,5,22,1,0.5,8,4.0,0,0,0,0,0.0,0,0,0,11254090,14L5,90,90,20,8,0.5,0,R2.5,Beamstyle_14L5_Intensity,3,5,10,5333300,4.0,56.04,45.0,0.5
180,50,309,14L5,Cb,0,5,22,1,0.75,13,4.0,0,0,0,0,0.0,0,0,0,11254090,14L5,90,90,20,8,0.5,0,R2.5,Beamstyle_14L5_Intensity,3,5,10,5333300,4.0,56.04,45.0,0.5
181,51,310,14L5,Cb,0,5,22,1,1.0,17,4.0,0,0,0,0,0.0,1,0,0,11254090,14L5,90,90,20,8,0.5,0,R2.5,Beamstyle_14L5_Intensity,3,5,10,5333300,4.0,56.04,45.0,0.6
182,52,311,14L5,Cb,0,5,22,1,1.5,25,4.0,0,0,0,0,0.0,1,0,0,11254090,14L5,90,90,20,8,0.5,0,R2.5,Beamstyle_14L5_Intensity,3,5,10,5333300,4.0,56.04,45.0,0.8
183,53,312,14L5,Cb,0,5,22,1,2.25,38,4.0,0,0,0,0,0.0,1,0,0,11254090,14L5,90,90,20,8,0.5,0,R2.5,Beamstyle_14L5_Intensity,3,5,10,5333300,4.0,56.04,45.0,0.9
184,54,313,14L5,Cb,0,5,22,1,3.5,58,4.0,0,0,0,0,0.0,1,0,0,11254090,14L5,90,90,20,8,0.5,0,R2.5,Beamstyle_14L5_Intensity,3,5,10,5333300,4.0,56.04,75.0,1.1
185,55,314,14L5,Cb,0,5,22,1,5.25,88,4.0,0,0,0,0,0.0,1,0,0,11254090,14L5,90,90,20,8,0.5,0,R2.5,Beamstyle_14L5_Intensity,3,5,10,5333300,4.0,56.04,75.0,1.3
186,56,315,14L5,Cb,0,5,24,1,0.25,4,4.0,0,0,0,0,0.0,0,0,0,11254090,14L5,90,90,20,8,0.5,0,R2.5,Beamstyle_14L5_Intensity,3,5,10,6153800,4.0,56.04,45.0,0.5
187,57,316,14L5,Cb,0,5,24,1,0.5,8,4.0,0,0,0,0,0.0,0,0,0,11254090,14L5,90,90,20,8,0.5,0,R2.5,Beamstyle_14L5_Intensity,3,5,10,6153800,4.0,56.04,45.0,0.5
188,58,317,14L5,Cb,0,5,24,1,0.75,13,4.0,0,0,0,0,0.0,0,0,0,11254090,14L5,90,90,20,8,0.5,0,R2.5,Beamstyle_14L5_Intensity,3,5,10,6153800,4.0,56.04,45.0,0.5
189,59,318,14L5,Cb,0,5,24,1,1.0,17,4.0,0,0,0,0,0.0,1,0,0,11254090,14L5,90,90,20,8,0.5,0,R2.5,Beamstyle_14L5_Intensity,3,5,10,6153800,4.0,56.04,45.0,0.6
190,60,319,14L5,Cb,0,5,24,1,1.5,25,4.0,0,0,0,0,0.0,1,0,0,11254090,14L5,90,90,20,8,0.5,0,R2.5,Beamstyle_14L5_Intensity,3,5,10,6153800,4.0,56.04,45.0,0.8
191,61,320,14L5,Cb,0,5,24,1,2.25,38,4.0,0,0,0,0,0.0,1,0,0,11254090,14L5,90,90,20,8,0.5,0,R2.5,Beamstyle_14L5_Intensity,3,5,10,6153800,4.0,56.04,45.0,0.9
192,62,321,14L5,Cb,0,5,24,1,3.5,58,4.0,0,0,0,0,0.0,1,0,0,11254090,14L5,90,90,20,8,0.5,0,R2.5,Beamstyle_14L5_Intensity,3,5,10,6153800,4.0,56.04,75.0,1.1
193,63,322,14L5,Cb,0,5,24,1,5.25,88,4.0,0,0,0,0,0.0,1,0,0,11254090,14L5,90,90,20,8,0.5,0,R2.5,Beamstyle_14L5_Intensity,3,5,10,6153800,4.0,56.04,75.0,1.3
194,64,403,14L5,Cb,0,5,26,1,0.5,8,4.0,0,0,0,0,0.0,0,0,0,11254090,14L5,90,90,20,8,0.5,0,R2.5,Beamstyle_14L5_Intensity,3,5,10,7272700,4.0,56.04,45.0,0.5
195,65,404,14L5,Cb,0,5,26,1,0.75,13,4.0,0,0,0,0,0.0,0,0,0,11254090,14L5,90,90,20,8,0.5,0,R2.5,Beamstyle_14L5_Intensity,3,5,10,7272700,4.0,56.04,45.0,0.5
196,66,405,14L5,Cb,0,5,26,1,1.0,17,4.0,0,0,0,0,0.0,1,0,0,11254090,14L5,90,90,20,8,0.5,0,R2.5,Beamstyle_14L5_Intensity,3,5,10,7272700,4.0,56.04,45.0,0.6
197,67,406,14L5,Cb,0,5,26,1,1.5,25,4.0,0,0,0,0,0.0,1,0,0,11254090,14L5,90,90,20,8,0.5,0,R2.5,Beamstyle_14L5_Intensity,3,5,10,7272700,4.0,56.04,45.0,0.8
198,68,407,14L5,Cb,0,5,26,1,2.25,38,4.0,0,0,0,0,0.0,1,0,0,11254090,14L5,90,90,20,8,0.5,0,R2.5,Beamstyle_14L5_Intensity,3,5,10,7272700,4.0,56.04,45.0,0.9
199,69,408,14L5,Cb,0,5,26,1,3.5,58,4.0,0,0,0,0,0.0,1,0,0,11254090,14L5,90,90,20,8,0.5,0,R2.5,Beamstyle_14L5_Intensity,3,5,10,7272700,4.0,56.04,75.0,1.1
200,70,409,14L5,Cb,0,5,26,1,5.25,88,4.0,0,0,0,0,0.0,1,0,0,11254090,14L5,90,90,20,8,0.5,0,R2.5,Beamstyle_14L5_Intensity,3,5,10,7272700,4.0,56.04,75.0,1.3
201,71,410,14L5,Cb,0,5,26,1,7.0,117,4.0,0,0,0,0,0.0,1,0,0,11254090,14L5,90,90,20,8,0.5,0,R2.5,Beamstyle_14L5_Intensity,3,5,10,7272700,4.0,56.04,115.0,1.4
202,72,411,14L5,Cb,0,5,28,1,0.5,8,4.0,0,0,0,0,0.0,0,0,0,11254090,14L5,90,90,20,8,0.5,0,R2.5,Beamstyle_14L5_Intensity,3,5,10,8888900,4.0,56.04,45.0,0.5
203,73,412,14L5,Cb,0,5,28,1,0.75,13,4.0,0,0,0,0,0.0,0,0,0,11254090,14L5,90,90,20,8,0.5,0,R2.5,Beamstyle_14L5_Intensity,3,5,10,8888900,4.0,56.04,45.0,0.5
204,74,413,14L5,Cb,0,5,28,1,1.0,17,4.0,0,0,0,0,0.0,1,0,0,11254090,14L5,90,90,20,8,0.5,0,R2.5,Beamstyle_14L5_Intensity,3,5,10,8888900,4.0,56.04,45.0,0.6
205,75,414,14L5,Cb,0,5,28,1,1.5,25,4.0,0,0,0,0,0.0,1,0,0,11254090,14L5,90,90,20,8,0.5,0,R2.5,Beamstyle_14L5_Intensity,3,5,10,8888900,4.0,56.04,45.0,0.8
206,76,415,14L5,Cb,0,5,28,1,2.25,38,4.0,0,0,0,0,0.0,1,0,0,11254090,14L5,90,90,20,8,0.5,0,R2.5,Beamstyle_14L5_Intensity,3,5,10,8888900,4.0,56.04,45.0,0.9
207,77,416,14L5,Cb,0,5,28,1,3.5,58,4.0,0,0,0,0,0.0,1,0,0,11254090,14L5,90,90,20,8,0.5,0,R2.5,Beamstyle_14L5_Intensity,3,5,10,8888900,4.0,56.04,75.0,1.1
208,78,417,14L5,Cb,0,5,28,1,5.25,88,4.0,0,0,0,0,0.0,1,0,0,11254090,14L5,90,90,20,8,0.5,0,R2.5,Beamstyle_14L5_Intensity,3,5,10,8888900,4.0,56.04,75.0,1.3
209,79,418,14L5,Cb,0,5,28,1,7.0,117,4.0,0,0,0,0,0.0,1,0,0,11254090,14L5,90,90,20,8,0.5,0,R2.5,Beamstyle_14L5_Intensity,3,5,10,8888900,4.0,56.04,115.0,1.4
210,210,451,14L5,D,0,10,22,1,0.25,3,4.0,1,0,0,0,0.0,0,0,0,11254090,14L5,90,90,20,8,0.5,0,R2.5,Beamstyle_14L5_Intensity,1,10,0,5333300,4.0,56.04,45.0,0.9
211,211,452,14L5,D,0,10,22,1,0.5,6,4.0,1,0,0,0,0.0,0,0,0,11254090,14L5,90,90,20,8,0.5,0,R2.5,Beamstyle_14L5_Intensity,1,10,0,5333300,4.0,56.04,45.0,0.9
212,212,453,14L5,D,0,10,22,1,0.75,9,4.0,1,0,0,0,0.0,0,0,0,11254090,14L5,90,90,20,8,0.5,0,R2.5,Beamstyle_14L5_Intensity,1,10,0,5333300,4.0,56.04,45.0,0.9
213,213,454,14L5,D,0,10,22,1,1.0,13,4.0,1,0,0,0,0.0,1,0,0,11254090,14L5,90,90,20,8,0.5,0,R2.5,Beamstyle_14L5_Intensity,1,10,0,5333300,4.0,56.04,45.0,1.4
214,214,455,14L5,D,0,10,22,1,1.5,19,4.0,1,0,0,0,0.0,1,0,0,11254090,14L5,90,90,20,8,0.5,0,R2.5,Beamstyle_14L5_Intensity,1,10,0,5333300,4.0,56.04,45.0,1.4
215,215,456,14L5,D,0,10,22,1,2.25,28,4.0,1,0,0,0,0.0,1,0,0,11254090,14L5,90,90,20,8,0.5,0,R2.5,Beamstyle_14L5_Intensity,1,10,0,5333300,4.0,56.04,45.0,1.4
216,216,457,14L5,D,0,10,22,1,3.5,44,4.0,1,0,0,0,0.0,1,0,0,11254090,14L5,90,90,20,8,0.5,0,R2.5,Beamstyle_14L5_Intensity,1,10,0,5333300,4.0,56.04,75.0,1.4
217,217,458,14L5,D,0,10,22,1,5.25,66,4.0,1,0,0,0,0.0,1,0,0,11254090,14L5,90,90,20,8,0.5,0,R2.5,Beamstyle_14L5_Intensity,1,10,0,5333300,4.0,56.04,75.0,1.4
218,218,459,14L5,D,0,10,24,1,0.25,3,4.0,1,0,0,0,0.0,0,0,0,11254090,14L5,90,90,20,8,0.5,0,R2.5,Beamstyle_14L5_Intensity,1,10,0,6153800,4.0,56.04,45.0,0.9
219,219,460,14L5,D,0,10,24,1,0.5,6,4.0,1,0,0,0,0.0,0,0,0,11254090,14L5,90,90,20,8,0.5,0,R2.5,Beamstyle_14L5_Intensity,1,10,0,6153800,4.0,56.04,45.0,0.9
220,220,461,14L5,D,0,10,24,1,0.75,9,4.0,1,0,0,0,0.0,0,0,0,11254090,14L5,90,90,20,8,0.5,0,R2.5,Beamstyle_14L5_Intensity,1,10,0,6153800,4.0,56.04,45.0,0.9
221,221,462,14L5,D,0,10,24,1,1.0,13,4.0,1,0,0,0,0.0,1,0,0,11254090,14L5,90,90,20,8,0.5,0,R2.5,Beamstyle_14L5_Intensity,1,10,0,6153800,4.0,56.04,45.0,1.4
222,222,463,14L5,D,0,10,24,1,1.5,19,4.0,1,0,0,0,0.0,1,0,0,11254090,14L5,90,90,20,8,0.5,0,R2.5,Beamstyle_14L5_Intensity,1,10,0,6153800,4.0,56.04,45.0,1.4
223,223,464,14L5,D,0,10,24,1,2.25,28,4.0,1,0,0,0,0.0,1,0,0,11254090,14L5,90,90,20,8,0.5,0,R2.5,Beamstyle_14L5_Intensity,1,10,0,6153800,4.0,56.04,45.0,1.4
224,224,465,14L5,D,0,10,24,1,3.5,44,4.0,1,0,0,0,0.0,1,0,0,11254090,14L5,90,90,20,8,0.5,0,R2.5,Beamstyle_14L5_Intensity,1,10,0,6153800,4.0,56.04,75.0,1.4
225,225,466,14L5,D,0,10,24,1,5.25,66,4.0,1,0,0,0,0.0,1,0,0,11254090,14L5,90,90,20,8,0.5,0,R2.5,Beamstyle_14L5_Intensity,1,10,0,6153800,4.0,56.04,75.0,1.4
